user_id,name,age,income,employment_type,existing_loans,credit_card_usage,repayment_history,cibil_score
1,User_1,59,166867,Salaried,2,0.78,0.6,479
2,User_2,55,100077,Salaried,3,0.18,0.76,610
3,User_3,54,72256,Self-Employed,4,0.73,0.64,432
4,User_4,48,173048,Salaried,0,0.27,0.65,657
5,User_5,37,45342,Self-Employed,4,0.63,0.63,448
6,User_6,40,26295,Self-Employed,0,0.64,0.08,399
7,User_7,53,113179,Salaried,2,0.57,0.77,567
8,User_8,33,130627,Salaried,3,0.65,0.7,503
9,User_9,43,152222,Salaried,3,0.41,0.17,395
10,User_10,24,47663,Self-Employed,1,0.03,0.59,645
11,User_11,38,90640,Salaried,4,0.24,0.68,545
12,User_12,37,195333,Salaried,4,0.22,0.4,474
13,User_13,41,40559,Self-Employed,4,0.99,0.07,300
14,User_14,25,21015,Salaried,0,0.48,0.99,701
15,User_15,23,114074,Self-Employed,3,0.82,0.97,548
16,User_16,31,162709,Self-Employed,3,0.18,0.35,493
17,User_17,38,125977,Self-Employed,2,0.4,0.1,404
18,User_18,51,24324,Self-Employed,1,0.58,0.92,632
19,User_19,55,62078,Salaried,4,0.83,0.97,509
20,User_20,49,25408,Self-Employed,2,0.79,0.15,330
21,User_21,25,80279,Salaried,1,0.77,0.37,436
22,User_22,42,39097,Self-Employed,1,0.66,0.18,394
23,User_23,28,130904,Salaried,2,0.23,0.67,608
24,User_24,44,196720,Self-Employed,2,0.89,0.8,520
25,User_25,56,175834,Salaried,2,0.95,0.4,386
26,User_26,43,87957,Self-Employed,0,0.9,0.65,522
27,User_27,24,74620,Self-Employed,0,0.74,0.52,515
28,User_28,44,63001,Salaried,4,0.26,0.59,511
29,User_29,23,63642,Self-Employed,4,0.89,0.96,495
30,User_30,25,68874,Salaried,1,0.47,0.88,647
31,User_31,38,87889,Self-Employed,4,0.45,0.65,493
32,User_32,36,105530,Self-Employed,3,0.19,0.87,644
33,User_33,35,116347,Self-Employed,0,0.56,0.01,402
34,User_34,42,53662,Salaried,0,0.16,0.44,604
35,User_35,44,134225,Salaried,2,0.58,0.44,469
36,User_36,34,96367,Self-Employed,4,0.34,0.83,570
37,User_37,43,99141,Self-Employed,4,0.14,0.94,643
38,User_38,58,49165,Self-Employed,2,0.81,0.76,512
39,User_39,36,79182,Salaried,3,0.95,0.65,423
40,User_40,28,139503,Salaried,1,0.26,0.3,523
41,User_41,53,165282,Salaried,0,0.23,0.35,577
42,User_42,50,118540,Salaried,3,0.97,0.02,300
43,User_43,34,98222,Salaried,2,0.17,0.69,623
44,User_44,51,139863,Salaried,0,0.43,0.17,479
45,User_45,59,80428,Salaried,1,0.24,0.98,722
46,User_46,39,198756,Self-Employed,3,0.51,0.68,531
47,User_47,22,79765,Salaried,4,0.92,0.52,360
48,User_48,33,128821,Salaried,4,0.59,0.51,427
49,User_49,24,127539,Self-Employed,2,0.14,0.66,624
50,User_50,53,196325,Self-Employed,3,0.79,0.12,308
51,User_51,41,152503,Self-Employed,1,0.28,0.26,507
52,User_52,32,101912,Salaried,0,0.02,0.72,721
53,User_53,42,25774,Self-Employed,4,0.66,0.16,300
54,User_54,58,129472,Self-Employed,0,0.03,0.36,615
55,User_55,31,177547,Salaried,4,0.25,0.82,592
56,User_56,55,160600,Salaried,4,0.65,0.94,546
57,User_57,37,69437,Salaried,0,0.47,0.3,503
58,User_58,39,46649,Self-Employed,4,0.17,0.95,634
59,User_59,40,116038,Salaried,4,0.57,0.51,430
60,User_60,35,165448,Salaried,1,0.67,0.68,556
61,User_61,43,102279,Salaried,1,0.37,0.03,414
62,User_62,57,28036,Salaried,3,0.99,0.55,377
63,User_63,57,170023,Self-Employed,4,0.48,0.54,464
64,User_64,28,102035,Salaried,0,0.64,0.3,471
65,User_65,29,31390,Salaried,3,0.7,0.1,304
66,User_66,45,181822,Salaried,1,0.59,0.62,558
67,User_67,33,111218,Salaried,3,0.68,0.12,320
68,User_68,53,178819,Salaried,4,0.04,0.39,509
69,User_69,50,144577,Salaried,4,0.34,0.74,547
70,User_70,21,184912,Salaried,3,0.34,0.72,578
71,User_71,43,116566,Self-Employed,1,0.98,0.19,342
72,User_72,47,75841,Salaried,0,0.04,0.76,726
73,User_73,39,86668,Self-Employed,1,0.89,0.42,425
74,User_74,24,131435,Self-Employed,2,0.66,0.74,543
75,User_75,21,111118,Salaried,1,0.73,0.86,593
76,User_76,33,133903,Self-Employed,2,0.95,0.23,330
77,User_77,43,124245,Salaried,3,0.28,0.28,449
78,User_78,24,94816,Salaried,1,0.45,0.61,573
79,User_79,43,152206,Self-Employed,3,0.01,0.25,496
80,User_80,56,150299,Salaried,4,0.78,0.42,364
81,User_81,59,162159,Salaried,0,0.1,0.39,613
82,User_82,35,23453,Self-Employed,2,0.56,0.42,455
83,User_83,42,34671,Salaried,2,0.13,0.29,503
84,User_84,29,34683,Salaried,3,0.1,0.1,425
85,User_85,31,41839,Salaried,1,0.7,0.38,449
86,User_86,49,98278,Self-Employed,4,0.83,0.84,478
87,User_87,39,31094,Self-Employed,2,0.93,0.34,359
88,User_88,40,154327,Self-Employed,4,0.15,0.57,536
89,User_89,54,103014,Self-Employed,1,0.23,0.47,575
90,User_90,54,150956,Salaried,1,0.67,0.78,584
91,User_91,50,74722,Self-Employed,2,0.18,0.83,658
92,User_92,48,91128,Salaried,1,0.76,0.51,480
93,User_93,41,48054,Self-Employed,1,0.32,0.75,636
94,User_94,32,23358,Self-Employed,4,0.45,0.5,443
95,User_95,26,55440,Salaried,3,0.73,0.66,466
96,User_96,45,135584,Salaried,4,0.61,0.25,346
97,User_97,55,109424,Salaried,2,0.23,0.68,609
98,User_98,26,21657,Salaried,3,0.38,0.92,610
99,User_99,45,152681,Self-Employed,1,0.08,0.39,586
100,User_100,32,167596,Self-Employed,2,0.81,0.22,362
101,User_101,59,164933,Self-Employed,3,0.67,0.83,539
102,User_102,48,172756,Self-Employed,1,0.6,0.51,520
103,User_103,49,61486,Self-Employed,4,0.58,0.56,439
104,User_104,34,130634,Salaried,4,0.71,0.36,357
105,User_105,39,125573,Salaried,4,0.78,0.67,438
106,User_106,36,111404,Salaried,4,0.7,0.33,350
107,User_107,54,21539,Salaried,3,0.21,0.06,387
108,User_108,28,137333,Salaried,4,0.42,1.0,607
109,User_109,29,127449,Salaried,4,0.6,0.76,500
110,User_110,32,117624,Salaried,3,0.12,0.52,552
111,User_111,46,190733,Self-Employed,4,0.22,0.4,473
112,User_112,59,41398,Salaried,4,0.22,0.07,359
113,User_113,54,163704,Self-Employed,1,0.63,0.81,603
114,User_114,30,129756,Salaried,0,0.88,0.05,351
115,User_115,39,132341,Salaried,3,0.27,0.2,428
116,User_116,28,173778,Self-Employed,2,0.8,0.99,592
117,User_117,56,194326,Self-Employed,2,0.63,0.86,592
118,User_118,56,191349,Self-Employed,1,0.17,0.12,491
119,User_119,49,72116,Self-Employed,0,0.01,0.4,626
120,User_120,54,44354,Self-Employed,4,0.04,0.86,635
121,User_121,35,102987,Salaried,1,0.73,0.7,543
122,User_122,47,102203,Salaried,2,0.8,0.18,344
123,User_123,37,71272,Self-Employed,0,0.11,0.0,485
124,User_124,45,109353,Self-Employed,1,0.58,0.46,503
125,User_125,39,137409,Self-Employed,4,0.52,0.5,439
126,User_126,37,111074,Self-Employed,2,0.48,0.06,371
127,User_127,26,103600,Salaried,1,0.06,0.32,565
128,User_128,31,134881,Self-Employed,1,0.87,0.6,490
129,User_129,35,74633,Self-Employed,3,0.68,0.3,372
130,User_130,53,48742,Self-Employed,0,0.77,0.93,630
131,User_131,47,156023,Salaried,1,0.67,0.02,355
132,User_132,48,198703,Salaried,4,0.29,0.47,482
133,User_133,53,69597,Salaried,2,0.54,0.48,482
134,User_134,40,176688,Salaried,1,0.45,0.69,605
135,User_135,42,115377,Self-Employed,2,0.71,0.65,506
136,User_136,24,96102,Self-Employed,0,0.72,0.61,548
137,User_137,55,62462,Self-Employed,3,0.43,0.09,357
138,User_138,54,34799,Salaried,3,0.13,0.93,665
139,User_139,47,77241,Self-Employed,1,0.9,0.13,337
140,User_140,58,138972,Salaried,1,0.28,0.4,548
141,User_141,49,142863,Salaried,1,0.75,0.73,551
142,User_142,37,124320,Salaried,3,0.95,0.21,300
143,User_143,52,25147,Salaried,0,0.47,0.07,430
144,User_144,53,41602,Self-Employed,1,0.24,0.8,665
145,User_145,40,174169,Self-Employed,0,0.81,0.08,379
146,User_146,22,188913,Salaried,4,0.45,0.71,522
147,User_147,28,161522,Salaried,2,0.02,0.59,628
148,User_148,49,170713,Self-Employed,1,0.53,0.63,569
149,User_149,49,67599,Self-Employed,3,0.21,0.93,652
150,User_150,57,67218,Self-Employed,3,0.04,0.14,450
151,User_151,32,108780,Salaried,1,0.86,0.1,339
152,User_152,37,114533,Salaried,4,0.53,0.56,453
153,User_153,44,109402,Salaried,4,0.13,0.18,419
154,User_154,34,59029,Self-Employed,2,0.99,0.17,300
155,User_155,26,165778,Self-Employed,2,0.15,0.7,636
156,User_156,45,70182,Self-Employed,3,0.0,0.5,566
157,User_157,49,118682,Self-Employed,1,0.93,0.07,315
158,User_158,35,117003,Salaried,0,0.89,0.48,479
159,User_159,51,186742,Self-Employed,3,0.07,0.27,496
160,User_160,55,149070,Salaried,2,0.99,0.27,336
161,User_161,55,46853,Self-Employed,0,0.16,0.95,757
162,User_162,27,195221,Salaried,4,0.41,0.04,330
163,User_163,27,186526,Self-Employed,0,0.96,0.61,508
164,User_164,28,27244,Salaried,1,0.23,0.12,460
165,User_165,45,86201,Salaried,3,0.45,0.17,378
166,User_166,57,126629,Salaried,1,0.73,0.2,396
167,User_167,40,158905,Salaried,1,0.73,0.56,507
168,User_168,46,20055,Salaried,1,0.38,0.3,486
169,User_169,53,150617,Salaried,0,0.57,0.86,659
170,User_170,36,86354,Self-Employed,1,0.02,0.31,569
171,User_171,45,97186,Salaried,3,0.52,0.98,608
172,User_172,31,189087,Salaried,1,0.23,0.87,705
173,User_173,51,46425,Self-Employed,1,0.8,0.53,473
174,User_174,39,76176,Salaried,4,0.32,0.77,554
175,User_175,58,73175,Salaried,3,0.44,0.75,554
176,User_176,43,22810,Salaried,0,0.9,0.07,343
177,User_177,28,115044,Salaried,0,0.93,0.48,470
178,User_178,44,198901,Salaried,1,0.09,0.09,500
179,User_179,46,190821,Self-Employed,1,0.92,0.2,364
180,User_180,39,20148,Salaried,1,0.1,0.48,595
181,User_181,56,73450,Salaried,0,0.1,0.01,490
182,User_182,21,100618,Self-Employed,2,0.32,0.55,551
183,User_183,23,71248,Salaried,3,0.35,0.97,637
184,User_184,30,82543,Salaried,3,0.27,0.65,560
185,User_185,59,166903,Salaried,3,0.25,0.68,581
186,User_186,23,165707,Self-Employed,1,0.62,0.44,496
187,User_187,34,99915,Self-Employed,0,0.38,0.84,684
188,User_188,27,100992,Salaried,0,0.21,0.67,668
189,User_189,22,121999,Salaried,4,0.12,0.22,435
190,User_190,58,186229,Self-Employed,2,0.95,0.62,455
191,User_191,45,137919,Self-Employed,2,0.04,0.64,637
192,User_192,33,103591,Salaried,0,0.75,0.72,574
193,User_193,35,27399,Salaried,4,0.5,0.27,364
194,User_194,39,197408,Self-Employed,4,0.93,0.05,300
195,User_195,27,45104,Self-Employed,2,0.1,0.72,639
196,User_196,33,44395,Salaried,4,0.99,0.25,300
197,User_197,36,48460,Self-Employed,0,0.3,0.7,653
198,User_198,37,65783,Self-Employed,2,0.1,0.82,672
199,User_199,40,130454,Salaried,0,0.26,0.85,716
200,User_200,22,152955,Salaried,2,0.04,0.88,711
201,User_201,24,160118,Salaried,1,0.1,0.72,681
202,User_202,44,49550,Self-Employed,1,0.53,0.05,384
203,User_203,35,189737,Salaried,1,0.49,0.31,485
204,User_204,39,52833,Salaried,0,0.24,0.17,508
205,User_205,45,128730,Salaried,1,0.82,0.1,349
206,User_206,37,45905,Salaried,1,0.21,0.38,546
207,User_207,49,71455,Self-Employed,4,0.7,0.79,484
208,User_208,51,88232,Salaried,0,0.18,0.23,540
209,User_209,51,44918,Self-Employed,2,0.27,0.03,399
210,User_210,29,101481,Self-Employed,0,0.2,0.32,565
211,User_211,48,197228,Salaried,3,0.09,0.61,593
212,User_212,56,145607,Salaried,2,0.99,0.31,349
213,User_213,59,60318,Salaried,2,0.02,0.22,509
214,User_214,42,51127,Salaried,0,0.19,0.65,663
215,User_215,35,43446,Self-Employed,4,0.1,0.91,639
216,User_216,48,95010,Self-Employed,3,0.6,0.66,495
217,User_217,55,96394,Self-Employed,2,0.95,0.5,411
218,User_218,31,113103,Salaried,0,0.34,0.59,619
219,User_219,28,121350,Salaried,3,0.69,0.88,548
220,User_220,23,132035,Self-Employed,0,0.42,0.74,650
221,User_221,25,119855,Salaried,1,0.72,0.44,469
222,User_222,32,106711,Salaried,1,0.94,0.04,304
223,User_223,38,31596,Self-Employed,1,0.0,0.92,749
224,User_224,45,105818,Salaried,0,0.83,0.16,392
225,User_225,54,58057,Self-Employed,4,0.21,0.34,445
226,User_226,32,132468,Salaried,0,0.37,0.56,607
227,User_227,40,27273,Salaried,1,0.11,0.85,705
228,User_228,44,30529,Self-Employed,3,0.76,0.72,477
229,User_229,49,154411,Salaried,2,0.04,0.62,634
230,User_230,54,106569,Self-Employed,0,0.64,0.31,475
231,User_231,33,187848,Salaried,0,0.81,0.9,627
232,User_232,24,77888,Salaried,3,0.9,0.93,516
233,User_233,49,162350,Salaried,2,0.33,0.18,443
234,User_234,56,182842,Salaried,4,0.18,0.77,592
235,User_235,24,161879,Salaried,2,0.84,0.76,516
236,User_236,47,158449,Salaried,3,0.03,0.18,473
237,User_237,50,177029,Self-Employed,4,0.01,0.21,459
238,User_238,41,52899,Self-Employed,1,0.81,0.95,599
239,User_239,41,68807,Salaried,2,0.74,0.56,466
240,User_240,23,89852,Salaried,3,0.35,0.35,454
241,User_241,41,56303,Self-Employed,2,0.14,0.13,456
242,User_242,44,137286,Self-Employed,4,0.28,0.47,479
243,User_243,30,168515,Salaried,2,0.04,0.31,540
244,User_244,53,189350,Salaried,3,0.72,0.8,525
245,User_245,28,99397,Self-Employed,3,0.85,0.68,454
246,User_246,34,145563,Salaried,3,0.62,0.37,411
247,User_247,27,113899,Salaried,2,0.5,0.27,433
248,User_248,58,145076,Self-Employed,1,0.56,0.33,472
249,User_249,49,56744,Self-Employed,3,0.86,0.74,466
250,User_250,59,44815,Salaried,0,0.2,0.08,488
251,User_251,57,134579,Self-Employed,2,0.39,0.39,493
252,User_252,54,172842,Salaried,2,0.42,0.56,541
253,User_253,25,66902,Salaried,3,0.52,0.48,454
254,User_254,53,25310,Self-Employed,0,0.3,0.27,522
255,User_255,48,158822,Self-Employed,0,0.44,0.12,464
256,User_256,35,99232,Self-Employed,0,0.52,0.14,448
257,User_257,25,30995,Salaried,2,0.64,0.73,532
258,User_258,45,41662,Salaried,3,0.75,0.1,300
259,User_259,43,167722,Salaried,2,0.32,0.68,596
260,User_260,33,79799,Self-Employed,1,0.04,0.15,514
261,User_261,41,170619,Salaried,0,0.55,0.18,460
262,User_262,54,102762,Salaried,1,0.27,0.59,603
263,User_263,47,30712,Self-Employed,0,0.05,0.0,493
264,User_264,39,151506,Salaried,4,0.41,0.08,336
265,User_265,35,58533,Salaried,3,0.43,0.41,453
266,User_266,51,97605,Self-Employed,4,1.0,0.52,347
267,User_267,29,151776,Salaried,1,0.4,0.21,466
268,User_268,48,107893,Self-Employed,0,0.47,0.46,554
269,User_269,59,95093,Salaried,0,0.1,0.39,605
270,User_270,34,183021,Salaried,3,0.58,0.37,422
271,User_271,21,156080,Self-Employed,1,0.18,0.75,674
272,User_272,31,171168,Salaried,1,0.34,0.41,541
273,User_273,35,26641,Self-Employed,0,0.57,0.89,654
274,User_274,52,92781,Self-Employed,1,0.07,0.62,652
275,User_275,31,128982,Salaried,4,0.65,0.2,323
276,User_276,51,79739,Self-Employed,3,0.55,0.19,364
277,User_277,25,199013,Salaried,2,0.61,0.85,591
278,User_278,39,158923,Salaried,0,0.0,0.42,640
279,User_279,45,77396,Salaried,1,0.53,0.27,451
280,User_280,30,86912,Self-Employed,2,0.21,0.03,415
281,User_281,42,104358,Salaried,4,0.16,0.74,579
282,User_282,28,38642,Salaried,1,0.28,0.64,609
283,User_283,28,118706,Self-Employed,4,0.64,0.39,382
284,User_284,50,76630,Self-Employed,2,0.32,0.64,573
285,User_285,28,20987,Salaried,4,0.8,0.74,442
286,User_286,57,133065,Salaried,3,0.27,0.6,547
287,User_287,51,100636,Self-Employed,3,0.13,0.73,614
288,User_288,38,29840,Salaried,0,0.51,0.5,550
289,User_289,23,127772,Salaried,3,0.7,0.18,336
290,User_290,22,191201,Self-Employed,2,0.4,0.17,431
291,User_291,34,75919,Salaried,0,0.56,0.86,652
292,User_292,56,178810,Self-Employed,4,0.96,0.32,301
293,User_293,36,102055,Self-Employed,2,0.7,0.02,317
294,User_294,37,34319,Self-Employed,1,0.22,0.31,522
295,User_295,55,150704,Self-Employed,1,0.41,0.21,465
296,User_296,21,155008,Salaried,0,0.51,0.81,656
297,User_297,37,172931,Self-Employed,2,0.18,0.47,561
298,User_298,38,174605,Self-Employed,1,0.87,0.63,503
299,User_299,45,181046,Self-Employed,2,0.8,0.43,425
300,User_300,47,143108,Self-Employed,3,0.24,0.73,596
301,User_301,54,38946,Self-Employed,4,0.09,0.7,577
302,User_302,59,96955,Self-Employed,3,0.08,0.24,476
303,User_303,50,145023,Salaried,1,0.2,0.64,637
304,User_304,29,152940,Self-Employed,1,0.59,0.55,534
305,User_305,31,129588,Self-Employed,0,0.97,0.33,416
306,User_306,35,108257,Salaried,1,0.84,0.58,488
307,User_307,28,35015,Salaried,4,0.13,0.76,586
308,User_308,27,163375,Self-Employed,0,0.13,0.88,753
309,User_309,26,34071,Self-Employed,0,0.82,0.62,525
310,User_310,42,180262,Self-Employed,4,0.46,0.01,309
311,User_311,54,68838,Salaried,3,0.39,0.48,483
312,User_312,37,34718,Self-Employed,1,0.54,0.53,525
313,User_313,26,147716,Self-Employed,3,0.61,0.91,575
314,User_314,42,176049,Self-Employed,1,0.06,0.74,696
315,User_315,38,56523,Salaried,4,0.62,0.19,319
316,User_316,23,184125,Self-Employed,4,0.9,0.13,300
317,User_317,37,97712,Salaried,3,0.87,0.89,513
318,User_318,41,156087,Self-Employed,1,0.24,0.86,693
319,User_319,37,66659,Self-Employed,2,0.17,0.68,616
320,User_320,51,198050,Salaried,2,0.12,0.22,502
321,User_321,39,45099,Self-Employed,0,0.31,0.16,491
322,User_322,47,84198,Self-Employed,2,0.24,0.43,528
323,User_323,38,32442,Salaried,4,0.27,0.85,585
324,User_324,32,73648,Salaried,1,0.21,0.76,662
325,User_325,55,191226,Self-Employed,2,0.53,0.94,635
326,User_326,46,46190,Self-Employed,0,0.89,0.34,428
327,User_327,35,188610,Self-Employed,2,0.83,0.11,325
328,User_328,21,43461,Salaried,0,0.32,0.26,517
329,User_329,46,23476,Self-Employed,2,0.38,0.51,518
330,User_330,55,110480,Salaried,4,0.34,0.09,348
331,User_331,57,29950,Self-Employed,1,0.1,0.47,593
332,User_332,31,109893,Self-Employed,3,0.82,0.08,300
333,User_333,50,43560,Salaried,1,0.43,0.65,581
334,User_334,52,138216,Salaried,1,0.85,0.93,593
335,User_335,41,168079,Salaried,3,0.23,0.1,410
336,User_336,50,192097,Salaried,2,0.87,0.64,478
337,User_337,22,106366,Salaried,0,0.94,0.72,540
338,User_338,47,177044,Self-Employed,4,0.14,0.2,430
339,User_339,38,32939,Self-Employed,3,0.23,0.44,499
340,User_340,59,51275,Self-Employed,1,0.85,0.19,362
341,User_341,23,114948,Salaried,3,0.81,0.22,324
342,User_342,51,168310,Salaried,0,0.11,0.68,700
343,User_343,32,72142,Self-Employed,0,0.12,0.14,526
344,User_344,24,144109,Self-Employed,1,0.52,0.54,542
345,User_345,25,117504,Salaried,2,0.58,0.76,562
346,User_346,27,115967,Salaried,1,0.36,0.45,543
347,User_347,59,94710,Salaried,4,0.93,0.76,430
348,User_348,55,76437,Self-Employed,3,0.4,0.14,378
349,User_349,33,157301,Self-Employed,4,0.64,0.88,531
350,User_350,55,162312,Salaried,3,0.33,0.38,473
351,User_351,49,85223,Salaried,0,0.74,0.34,460
352,User_352,33,164642,Salaried,3,0.2,0.27,466
353,User_353,25,182680,Salaried,1,0.19,0.32,546
354,User_354,22,126446,Salaried,1,0.81,0.33,420
355,User_355,53,111434,Salaried,2,0.65,0.36,428
356,User_356,37,50353,Salaried,1,0.47,0.31,473
357,User_357,46,92843,Self-Employed,3,0.27,0.4,487
358,User_358,33,26674,Self-Employed,1,1.0,0.1,302
359,User_359,33,196710,Salaried,3,0.83,0.04,300
360,User_360,37,86735,Salaried,1,0.14,0.13,490
361,User_361,52,128286,Salaried,3,0.4,0.95,627
362,User_362,32,70728,Self-Employed,4,0.22,0.61,526
363,User_363,59,187186,Self-Employed,0,0.17,0.47,626
364,User_364,37,150017,Self-Employed,1,0.05,0.67,677
365,User_365,42,100501,Salaried,3,0.88,0.21,307
366,User_366,26,184472,Self-Employed,4,0.85,0.76,456
367,User_367,41,70333,Self-Employed,2,0.3,0.86,644
368,User_368,37,55607,Salaried,1,0.27,0.38,534
369,User_369,31,164121,Self-Employed,0,0.31,0.56,622
370,User_370,31,46825,Self-Employed,4,0.93,0.89,466
371,User_371,26,67743,Self-Employed,4,0.61,0.72,481
372,User_372,43,136214,Self-Employed,4,0.29,0.19,391
373,User_373,27,139550,Self-Employed,4,0.71,0.51,405
374,User_374,53,62136,Salaried,3,0.07,0.94,683
375,User_375,57,50086,Self-Employed,3,0.27,0.94,642
376,User_376,48,158663,Salaried,4,0.78,0.43,370
377,User_377,33,123229,Salaried,2,0.26,0.67,602
378,User_378,26,143446,Self-Employed,2,0.54,0.05,362
379,User_379,43,33346,Self-Employed,1,0.4,0.59,571
380,User_380,53,31399,Self-Employed,1,0.03,0.77,698
381,User_381,27,186521,Salaried,1,0.33,0.29,510
382,User_382,34,152047,Self-Employed,1,0.1,0.24,537
383,User_383,43,168044,Salaried,4,0.64,0.92,545
384,User_384,49,56764,Salaried,2,0.99,0.48,391
385,User_385,45,145143,Salaried,4,0.08,0.71,590
386,User_386,53,87986,Salaried,1,0.83,0.2,372
387,User_387,50,192492,Salaried,3,0.62,0.16,354
388,User_388,21,115335,Salaried,3,0.29,0.83,611
389,User_389,51,146800,Salaried,0,0.07,0.59,676
390,User_390,29,117409,Self-Employed,3,0.55,0.92,588
391,User_391,38,21833,Salaried,0,0.21,0.55,626
392,User_392,49,137296,Self-Employed,2,0.46,0.46,501
393,User_393,28,30022,Salaried,2,0.73,0.25,372
394,User_394,26,109833,Salaried,2,0.61,0.12,366
395,User_395,35,27509,Salaried,1,0.75,0.95,607
396,User_396,27,160813,Self-Employed,4,0.1,0.68,581
397,User_397,53,192777,Salaried,0,0.87,0.79,583
398,User_398,57,90856,Self-Employed,4,0.02,0.49,532
399,User_399,57,47268,Salaried,4,0.4,0.68,509
400,User_400,40,88024,Salaried,1,0.88,0.44,434
401,User_401,43,151625,Salaried,4,0.83,0.18,300
402,User_402,52,157112,Salaried,0,0.79,0.99,655
403,User_403,58,185720,Self-Employed,1,0.76,0.84,589
404,User_404,31,40121,Self-Employed,2,0.98,0.49,396
405,User_405,44,72492,Salaried,1,0.21,0.48,579
406,User_406,46,36767,Salaried,4,0.65,0.85,508
407,User_407,41,147099,Salaried,2,0.43,0.33,466
408,User_408,48,29402,Self-Employed,4,0.1,0.24,434
409,User_409,54,159374,Salaried,3,0.23,0.9,650
410,User_410,25,61384,Salaried,3,0.34,0.35,452
411,User_411,57,177085,Salaried,0,0.76,0.92,639
412,User_412,42,103127,Salaried,0,0.32,0.65,641
413,User_413,46,69240,Salaried,3,0.94,0.83,477
414,User_414,31,115155,Salaried,3,0.38,0.65,539
415,User_415,24,126566,Self-Employed,3,0.96,0.52,386
416,User_416,35,131269,Salaried,1,0.52,0.61,560
417,User_417,26,107519,Self-Employed,2,0.42,0.21,432
418,User_418,42,51977,Salaried,0,0.6,0.86,644
419,User_419,36,197695,Salaried,1,0.34,0.03,430
420,User_420,56,140162,Salaried,1,0.46,0.27,472
421,User_421,54,77999,Salaried,4,0.73,0.48,385
422,User_422,38,124565,Self-Employed,0,0.7,0.83,620
423,User_423,24,108264,Salaried,3,0.67,0.04,300
424,User_424,40,147899,Self-Employed,0,0.43,0.23,496
425,User_425,32,31683,Self-Employed,2,0.04,0.52,589
426,User_426,27,98563,Salaried,1,0.97,0.98,578
427,User_427,55,60883,Self-Employed,4,0.09,0.85,622
428,User_428,45,62523,Salaried,4,0.48,0.83,539
429,User_429,54,45594,Self-Employed,0,0.82,0.84,591
430,User_430,50,126210,Self-Employed,2,0.03,0.09,472
431,User_431,41,98845,Self-Employed,2,0.46,1.0,657
432,User_432,44,87583,Salaried,0,0.35,0.46,575
433,User_433,57,181250,Self-Employed,2,0.6,0.9,608
434,User_434,23,49968,Self-Employed,3,0.99,0.2,300
435,User_435,50,46730,Salaried,1,0.0,0.28,559
436,User_436,29,63819,Self-Employed,0,0.57,0.49,540
437,User_437,26,182008,Self-Employed,1,0.35,0.77,649
438,User_438,58,28577,Salaried,4,0.99,0.28,300
439,User_439,27,115973,Salaried,2,0.98,0.21,316
440,User_440,32,128039,Self-Employed,0,0.1,0.9,763
441,User_441,58,82233,Self-Employed,0,0.07,0.21,556
442,User_442,36,26356,Salaried,4,0.27,0.65,525
443,User_443,45,42635,Self-Employed,3,0.44,0.17,375
444,User_444,45,130249,Salaried,0,0.71,0.12,405
445,User_445,41,199712,Salaried,1,0.14,0.73,682
446,User_446,48,121776,Self-Employed,3,0.37,0.74,569
447,User_447,40,103872,Salaried,4,0.97,0.13,300
448,User_448,33,124985,Self-Employed,2,0.23,0.05,421
449,User_449,58,102757,Salaried,2,0.19,0.46,548
450,User_450,43,189108,Self-Employed,3,0.21,0.37,497
451,User_451,29,50932,Salaried,3,0.94,0.08,300
452,User_452,45,34284,Salaried,1,0.59,0.51,507
453,User_453,24,133372,Self-Employed,1,0.2,0.79,681
454,User_454,47,55500,Salaried,0,0.33,0.47,580
455,User_455,54,61682,Self-Employed,1,0.46,0.81,626
456,User_456,44,173484,Salaried,4,0.43,0.71,525
457,User_457,53,70528,Self-Employed,2,0.56,0.77,565
458,User_458,43,96000,Self-Employed,2,0.72,0.3,396
459,User_459,23,126255,Salaried,0,0.69,0.24,447
460,User_460,46,170404,Self-Employed,3,0.29,0.36,478
461,User_461,42,58682,Self-Employed,1,0.06,0.34,565
462,User_462,38,97568,Salaried,4,0.22,0.46,482
463,User_463,54,117654,Self-Employed,0,0.51,0.1,440
464,User_464,41,46627,Salaried,0,0.14,0.76,705
465,User_465,54,66875,Self-Employed,2,0.82,0.74,506
466,User_466,34,96177,Self-Employed,0,0.5,0.62,594
467,User_467,45,178466,Salaried,4,0.14,0.31,465
468,User_468,56,112506,Salaried,1,0.54,0.31,464
469,User_469,55,110894,Salaried,2,0.84,0.76,511
470,User_470,55,149523,Salaried,4,0.85,0.77,454
471,User_471,36,97365,Salaried,4,0.39,0.5,463
472,User_472,59,172852,Salaried,0,0.1,0.74,720
473,User_473,56,63898,Self-Employed,4,0.22,0.11,373
474,User_474,52,105898,Self-Employed,4,0.72,0.25,322
475,User_475,21,58221,Self-Employed,3,0.43,0.76,557
476,User_476,27,126446,Self-Employed,1,0.85,0.91,585
477,User_477,45,42623,Salaried,2,0.5,0.67,545
478,User_478,44,45617,Salaried,4,0.42,0.12,337
479,User_479,59,143900,Salaried,2,0.12,0.92,705
480,User_480,56,154599,Self-Employed,2,0.11,0.66,630
481,User_481,58,83535,Self-Employed,0,0.72,0.68,569
482,User_482,33,134527,Self-Employed,2,0.9,0.38,389
483,User_483,30,44732,Self-Employed,0,0.3,0.16,494
484,User_484,35,73768,Salaried,0,0.15,0.13,514
485,User_485,50,175905,Salaried,2,0.95,0.15,312
486,User_486,29,60615,Self-Employed,3,0.9,0.69,442
487,User_487,23,90459,Salaried,3,0.46,0.25,400
488,User_488,49,68429,Salaried,4,0.15,0.08,381
489,User_489,22,169637,Salaried,1,0.44,0.39,516
490,User_490,21,129575,Self-Employed,4,0.21,0.34,454
491,User_491,55,88858,Salaried,2,0.43,0.11,396
492,User_492,32,182135,Self-Employed,4,0.09,0.24,452
493,User_493,40,122599,Salaried,2,0.51,0.6,530
494,User_494,32,182780,Self-Employed,4,0.0,0.38,511
495,User_495,27,66939,Self-Employed,4,0.39,0.18,362
496,User_496,33,191566,Self-Employed,3,0.45,0.89,605
497,User_497,34,159280,Self-Employed,3,0.56,0.65,508
498,User_498,58,63315,Self-Employed,2,0.94,0.19,315
499,User_499,28,48337,Salaried,4,0.08,0.84,620
500,User_500,44,55925,Salaried,2,0.09,0.26,504
501,User_501,36,184230,Salaried,2,0.6,0.61,519
502,User_502,44,24236,Self-Employed,0,0.09,0.49,632
503,User_503,48,103176,Self-Employed,1,0.22,0.11,468
504,User_504,41,94944,Self-Employed,4,0.56,0.66,475
505,User_505,56,137016,Self-Employed,1,0.99,0.3,376
506,User_506,38,92649,Salaried,1,0.49,0.88,645
507,User_507,33,175384,Salaried,4,0.74,0.53,409
508,User_508,32,49136,Self-Employed,2,0.18,0.39,524
509,User_509,51,136342,Self-Employed,1,0.59,0.33,465
510,User_510,55,24718,Self-Employed,1,0.45,0.92,658
511,User_511,28,147446,Self-Employed,0,0.18,0.15,522
512,User_512,47,110467,Self-Employed,3,0.04,0.27,492
513,User_513,38,124636,Self-Employed,1,0.77,0.55,494
514,User_514,22,20337,Salaried,4,0.06,0.98,663
515,User_515,26,119499,Self-Employed,1,0.95,0.1,323
516,User_516,57,42474,Self-Employed,4,0.53,0.37,388
517,User_517,51,56979,Self-Employed,4,0.14,0.69,564
518,User_518,57,153662,Salaried,1,0.09,0.28,549
519,User_519,46,30535,Salaried,2,0.53,0.98,629
520,User_520,43,146190,Salaried,2,0.03,0.43,575
521,User_521,35,110162,Salaried,0,0.31,0.19,504
522,User_522,28,173230,Salaried,1,0.75,0.69,543
523,User_523,56,29109,Salaried,4,0.62,0.3,349
524,User_524,52,79937,Self-Employed,3,0.09,0.88,664
525,User_525,36,80662,Self-Employed,0,0.94,0.78,556
526,User_526,25,143938,Salaried,4,0.77,0.52,395
527,User_527,29,55228,Self-Employed,3,0.55,0.67,506
528,User_528,55,178539,Salaried,4,0.4,0.59,495
529,User_529,45,115957,Self-Employed,4,0.28,0.71,549
530,User_530,48,122044,Salaried,2,0.56,0.58,515
531,User_531,29,165707,Salaried,2,0.5,0.33,456
532,User_532,41,108104,Salaried,4,0.81,0.19,300
533,User_533,44,54902,Salaried,3,0.73,0.2,331
534,User_534,48,111360,Salaried,4,0.91,0.0,300
535,User_535,38,131709,Self-Employed,2,0.31,0.36,497
536,User_536,46,67358,Self-Employed,2,0.02,0.63,630
537,User_537,57,198979,Self-Employed,2,0.64,0.31,424
538,User_538,51,194634,Self-Employed,3,0.31,0.19,424
539,User_539,47,92603,Self-Employed,1,0.02,0.27,556
540,User_540,43,89963,Self-Employed,4,0.1,0.97,660
541,User_541,47,116123,Salaried,0,0.75,0.18,414
542,User_542,32,136747,Salaried,1,0.9,0.58,477
543,User_543,49,46149,Salaried,2,0.27,0.07,410
544,User_544,35,61022,Self-Employed,3,0.35,0.89,613
545,User_545,45,114957,Salaried,4,0.47,0.97,590
546,User_546,25,153592,Self-Employed,1,0.18,0.2,509
547,User_547,41,103349,Self-Employed,1,0.59,0.62,549
548,User_548,40,169075,Salaried,0,0.22,0.2,530
549,User_549,44,92740,Self-Employed,3,0.1,0.47,540
550,User_550,55,66618,Salaried,0,0.44,0.73,638
551,User_551,34,145553,Self-Employed,0,0.38,0.06,456
552,User_552,21,108635,Salaried,0,0.49,0.3,503
553,User_553,44,180344,Salaried,0,0.49,0.8,661
554,User_554,27,161845,Self-Employed,4,0.28,0.92,615
555,User_555,36,39954,Salaried,1,0.31,0.03,421
556,User_556,22,106170,Salaried,1,0.92,0.51,449
557,User_557,21,52947,Salaried,1,0.48,0.34,481
558,User_558,45,96206,Self-Employed,2,0.01,0.9,716
559,User_559,46,156400,Salaried,0,0.65,0.81,629
560,User_560,39,192098,Salaried,1,0.18,0.97,744
561,User_561,37,75674,Self-Employed,1,0.39,0.65,593
562,User_562,48,91831,Salaried,3,0.25,0.88,632
563,User_563,49,137458,Salaried,3,0.11,0.43,532
564,User_564,43,133417,Salaried,2,0.94,0.65,461
565,User_565,49,93834,Self-Employed,1,0.76,0.17,376
566,User_566,50,142767,Self-Employed,0,0.31,0.82,698
567,User_567,23,74497,Salaried,2,0.82,0.94,564
568,User_568,24,173746,Self-Employed,4,0.03,0.09,419
569,User_569,23,86273,Salaried,3,0.82,0.77,484
570,User_570,35,42970,Self-Employed,1,0.37,0.2,459
571,User_571,46,144790,Self-Employed,4,0.42,0.16,358
572,User_572,24,144798,Self-Employed,1,0.26,0.64,623
573,User_573,45,88624,Salaried,0,0.1,0.56,655
574,User_574,33,154678,Salaried,2,0.45,0.17,416
575,User_575,57,157312,Salaried,1,0.93,0.97,591
576,User_576,46,137248,Self-Employed,4,0.34,0.2,385
577,User_577,52,57386,Self-Employed,4,0.08,0.34,473
578,User_578,29,123144,Salaried,0,0.69,0.57,546
579,User_579,55,94170,Salaried,1,0.63,0.07,373
580,User_580,43,121666,Self-Employed,2,0.1,0.01,436
581,User_581,33,133100,Salaried,0,0.4,0.98,725
582,User_582,27,51604,Self-Employed,1,0.46,0.6,561
583,User_583,56,177968,Salaried,4,0.42,0.34,415
584,User_584,49,163165,Salaried,4,0.16,0.15,409
585,User_585,24,119978,Salaried,1,0.88,0.85,563
586,User_586,49,20434,Self-Employed,3,0.78,0.79,491
587,User_587,41,116571,Self-Employed,1,0.65,0.11,385
588,User_588,30,189198,Salaried,3,0.42,0.79,581
589,User_589,32,161558,Self-Employed,2,0.46,0.46,503
590,User_590,36,66084,Self-Employed,1,0.49,0.07,398
591,User_591,56,113405,Salaried,1,0.37,0.16,456
592,User_592,23,177523,Self-Employed,3,0.6,0.01,309
593,User_593,41,109440,Salaried,2,0.6,0.02,337
594,User_594,57,112290,Self-Employed,1,0.69,0.99,638
595,User_595,35,145200,Salaried,4,0.49,0.55,461
596,User_596,27,195638,Salaried,4,0.07,0.14,428
597,User_597,59,110690,Salaried,4,0.19,0.82,599
598,User_598,46,21066,Salaried,4,0.29,0.59,499
599,User_599,52,78475,Salaried,4,0.44,0.72,516
600,User_600,34,89676,Salaried,2,0.16,0.97,706
601,User_601,48,110480,Salaried,1,0.96,0.43,418
602,User_602,26,78719,Salaried,3,0.21,0.41,499
603,User_603,41,50898,Salaried,4,0.75,0.03,300
604,User_604,57,102473,Self-Employed,1,0.4,0.78,635
605,User_605,58,186573,Salaried,1,0.25,0.46,578
606,User_606,39,127679,Self-Employed,1,0.53,0.85,633
607,User_607,28,97599,Salaried,1,0.96,0.43,416
608,User_608,25,58380,Self-Employed,1,0.32,0.95,697
609,User_609,31,162930,Salaried,4,0.07,0.58,557
610,User_610,25,163531,Self-Employed,0,0.15,0.41,609
611,User_611,39,194683,Salaried,0,0.25,0.59,646
612,User_612,47,29443,Self-Employed,0,0.34,0.02,440
613,User_613,28,143376,Self-Employed,1,0.76,0.13,371
614,User_614,26,68390,Self-Employed,1,0.39,0.7,609
615,User_615,38,28867,Self-Employed,3,0.37,0.65,535
616,User_616,45,115373,Self-Employed,3,0.27,0.15,413
617,User_617,30,82805,Salaried,2,0.62,0.9,594
618,User_618,49,102506,Self-Employed,2,0.41,0.93,645
619,User_619,28,45319,Salaried,0,0.13,0.84,731
620,User_620,38,142626,Self-Employed,0,0.45,0.12,460
621,User_621,30,77284,Salaried,3,0.69,0.61,462
622,User_622,51,61920,Self-Employed,0,0.27,0.44,584
623,User_623,52,39118,Self-Employed,3,0.35,0.1,374
624,User_624,35,116279,Salaried,2,0.63,0.1,355
625,User_625,38,49151,Salaried,1,0.08,0.13,496
626,User_626,49,26889,Salaried,3,0.98,0.18,300
627,User_627,26,113837,Self-Employed,0,0.83,0.73,564
628,User_628,23,69620,Self-Employed,1,0.79,0.36,428
629,User_629,48,153117,Salaried,0,0.39,0.91,709
630,User_630,45,195759,Salaried,3,0.6,0.03,318
631,User_631,35,22234,Self-Employed,3,0.65,0.17,332
632,User_632,40,132238,Salaried,4,0.53,0.68,490
633,User_633,40,67037,Self-Employed,4,0.19,0.69,556
634,User_634,59,53133,Self-Employed,2,0.03,0.57,608
635,User_635,33,131019,Salaried,2,0.62,0.87,591
636,User_636,58,44190,Salaried,4,0.67,0.94,532
637,User_637,38,130903,Self-Employed,4,0.57,0.95,564
638,User_638,57,28820,Salaried,4,0.95,0.92,468
639,User_639,31,83412,Self-Employed,3,0.68,0.31,375
640,User_640,58,146566,Salaried,0,0.96,0.59,499
641,User_641,22,64549,Salaried,1,0.28,0.3,512
642,User_642,27,37621,Self-Employed,4,0.71,0.05,300
643,User_643,53,179072,Self-Employed,2,0.4,0.1,406
644,User_644,22,113745,Salaried,2,0.18,0.76,644
645,User_645,47,84084,Salaried,1,0.92,0.79,532
646,User_646,50,196863,Self-Employed,1,0.18,0.79,692
647,User_647,25,119625,Salaried,4,0.71,0.33,348
648,User_648,54,29603,Self-Employed,2,0.53,0.94,619
649,User_649,24,102945,Salaried,2,0.89,0.74,494
650,User_650,45,161018,Self-Employed,3,0.47,0.07,354
651,User_651,37,132026,Salaried,3,0.59,0.05,320
652,User_652,33,22487,Salaried,2,0.48,0.08,370
653,User_653,50,156689,Self-Employed,0,0.68,0.39,494
654,User_654,53,51771,Salaried,2,0.86,0.57,444
655,User_655,23,80484,Salaried,4,0.65,0.36,366
656,User_656,43,136924,Salaried,3,0.54,0.36,422
657,User_657,32,104153,Salaried,3,0.81,0.94,538
658,User_658,55,76733,Self-Employed,0,0.85,0.28,421
659,User_659,54,127196,Self-Employed,2,0.72,0.95,594
660,User_660,43,144568,Self-Employed,4,0.85,1.0,524
661,User_661,27,85555,Salaried,2,0.69,0.12,346
662,User_662,23,169462,Self-Employed,0,0.74,0.67,570
663,User_663,52,114605,Salaried,2,0.1,0.27,512
664,User_664,54,152543,Self-Employed,1,0.17,0.37,562
665,User_665,21,31020,Self-Employed,0,0.33,0.28,520
666,User_666,39,119859,Salaried,0,0.18,0.46,614
667,User_667,22,141725,Salaried,3,0.66,0.62,477
668,User_668,44,56959,Salaried,4,0.4,0.2,364
669,User_669,52,67136,Self-Employed,4,0.74,0.99,534
670,User_670,25,123001,Salaried,3,0.32,0.45,492
671,User_671,30,108297,Salaried,1,0.35,0.24,483
672,User_672,29,76173,Self-Employed,4,0.49,0.19,345
673,User_673,50,58677,Self-Employed,2,0.04,0.73,657
674,User_674,49,45688,Salaried,3,0.02,0.63,601
675,User_675,35,118226,Salaried,3,0.86,0.21,312
676,User_676,46,152055,Self-Employed,1,0.63,0.58,533
677,User_677,47,106309,Salaried,3,0.34,0.76,579
678,User_678,59,44269,Salaried,1,0.67,0.73,557
679,User_679,40,166109,Salaried,2,0.88,0.28,365
680,User_680,36,34837,Salaried,0,0.33,0.77,666
681,User_681,50,131770,Self-Employed,4,0.97,0.15,300
682,User_682,58,101852,Self-Employed,4,0.32,0.06,344
683,User_683,44,33172,Self-Employed,3,0.08,0.96,686
684,User_684,52,22690,Self-Employed,0,0.81,0.51,494
685,User_685,22,137699,Salaried,4,0.02,0.12,424
686,User_686,21,167245,Salaried,0,0.86,0.62,531
687,User_687,53,129727,Self-Employed,2,0.1,0.28,517
688,User_688,56,111455,Salaried,2,0.79,0.64,485
689,User_689,52,137937,Salaried,4,0.37,0.84,573
690,User_690,55,168984,Salaried,1,0.11,0.54,626
691,User_691,48,68069,Self-Employed,4,0.96,0.61,378
692,User_692,30,162491,Salaried,3,0.82,0.74,484
693,User_693,44,51475,Salaried,3,0.53,0.73,529
694,User_694,43,68329,Self-Employed,0,0.69,0.34,472
695,User_695,44,163618,Self-Employed,2,0.55,0.03,355
696,User_696,39,32793,Salaried,1,0.15,0.83,693
697,User_697,55,150230,Salaried,0,0.19,0.38,592
698,User_698,22,82809,Salaried,1,0.68,0.65,537
699,User_699,49,149694,Salaried,1,0.69,0.57,518
700,User_700,31,126464,Salaried,1,0.38,0.82,651
701,User_701,28,24516,Self-Employed,1,0.06,0.2,519
702,User_702,35,32015,Self-Employed,4,0.31,0.95,606
703,User_703,51,194446,Salaried,4,0.15,0.8,609
704,User_704,36,146000,Self-Employed,3,0.26,0.5,524
705,User_705,28,52309,Salaried,0,0.89,0.57,499
706,User_706,40,79389,Salaried,4,0.9,0.97,500
707,User_707,59,111529,Salaried,3,0.89,0.85,499
708,User_708,41,121058,Salaried,2,0.43,0.6,545
709,User_709,28,37572,Self-Employed,3,0.48,0.92,592
710,User_710,53,93860,Self-Employed,1,0.75,0.1,360
711,User_711,24,124152,Salaried,4,0.8,0.27,311
712,User_712,56,41185,Self-Employed,4,0.18,0.92,624
713,User_713,38,79321,Self-Employed,4,0.49,0.34,391
714,User_714,39,159733,Self-Employed,0,0.08,0.47,639
715,User_715,48,45772,Self-Employed,3,0.74,0.22,333
716,User_716,56,84446,Self-Employed,3,0.05,0.4,527
717,User_717,55,147867,Self-Employed,2,0.04,0.23,516
718,User_718,26,69389,Salaried,1,0.84,0.42,434
719,User_719,59,122799,Self-Employed,1,0.01,0.95,763
720,User_720,54,41742,Salaried,1,0.83,0.06,324
721,User_721,41,150174,Self-Employed,1,0.99,0.44,418
722,User_722,45,152083,Self-Employed,0,0.36,0.7,652
723,User_723,41,171283,Salaried,3,0.68,0.14,334
724,User_724,25,34202,Self-Employed,3,0.53,0.25,383
725,User_725,58,43291,Salaried,4,0.74,0.87,495
726,User_726,58,158030,Self-Employed,0,0.18,0.59,655
727,User_727,50,118038,Salaried,0,0.18,0.91,748
728,User_728,37,87925,Salaried,3,0.18,0.34,486
729,User_729,54,89753,Salaried,1,0.01,0.6,656
730,User_730,25,84627,Salaried,3,0.21,0.95,661
731,User_731,44,20961,Self-Employed,4,0.27,0.22,392
732,User_732,47,137930,Self-Employed,3,0.59,0.28,390
733,User_733,35,95605,Salaried,2,0.35,0.87,641
734,User_734,24,66891,Self-Employed,3,0.08,0.89,667
735,User_735,42,194408,Salaried,2,0.06,0.55,610
736,User_736,38,40790,Salaried,0,0.61,0.36,491
737,User_737,31,152282,Self-Employed,2,0.43,0.45,503
738,User_738,55,68469,Self-Employed,2,0.91,0.47,406
739,User_739,52,149598,Self-Employed,1,0.07,0.89,738
740,User_740,22,85461,Salaried,1,0.25,0.21,493
741,User_741,49,62494,Salaried,0,0.49,0.47,549
742,User_742,27,99142,Self-Employed,1,0.13,0.98,748
743,User_743,35,193073,Self-Employed,0,0.16,0.46,624
744,User_744,34,21636,Salaried,2,0.36,0.7,580
745,User_745,52,103050,Self-Employed,0,0.06,0.4,618
746,User_746,25,100625,Self-Employed,2,0.51,0.66,546
747,User_747,41,155109,Self-Employed,1,0.25,0.41,560
748,User_748,21,136776,Salaried,3,0.3,0.75,589
749,User_749,41,164560,Salaried,0,0.26,0.4,583
750,User_750,42,188340,Salaried,3,0.02,0.62,610
751,User_751,23,20910,Salaried,2,0.09,0.16,471
752,User_752,56,154213,Salaried,1,0.36,0.73,631
753,User_753,26,105869,Self-Employed,4,0.51,1.0,587
754,User_754,53,186544,Salaried,2,0.09,0.97,731
755,User_755,55,32798,Self-Employed,2,0.59,0.13,365
756,User_756,36,29018,Self-Employed,2,0.6,0.65,517
757,User_757,32,180083,Salaried,3,0.86,0.35,360
758,User_758,39,179790,Salaried,4,0.65,0.81,512
759,User_759,23,94858,Salaried,1,0.54,0.83,618
760,User_760,46,126975,Salaried,2,0.02,0.6,628
761,User_761,22,139209,Salaried,0,0.14,0.7,695
762,User_762,41,145323,Salaried,3,0.76,0.32,367
763,User_763,37,157714,Salaried,3,0.29,0.22,432
764,User_764,38,147444,Self-Employed,4,0.8,0.7,445
765,User_765,38,119957,Salaried,3,0.38,0.92,620
766,User_766,43,20785,Self-Employed,3,0.28,0.45,490
767,User_767,34,96025,Self-Employed,3,0.19,0.81,624
768,User_768,32,49604,Self-Employed,0,0.27,0.82,697
769,User_769,29,61784,Self-Employed,2,0.55,0.31,429
770,User_770,59,58890,Salaried,4,0.68,0.91,523
771,User_771,36,106467,Self-Employed,3,0.94,0.98,526
772,User_772,50,58226,Salaried,4,0.52,0.23,349
773,User_773,41,173068,Self-Employed,0,0.76,0.18,420
774,User_774,58,188748,Self-Employed,0,0.15,0.18,542
775,User_775,56,32567,Self-Employed,1,0.52,0.21,430
776,User_776,55,77230,Salaried,4,0.88,0.79,449
777,User_777,51,168599,Salaried,4,0.9,0.29,302
778,User_778,24,185296,Self-Employed,2,0.64,0.46,467
779,User_779,44,32434,Self-Employed,0,0.18,0.07,489
780,User_780,28,171130,Self-Employed,4,0.47,0.45,436
781,User_781,53,125741,Salaried,1,0.48,0.9,658
782,User_782,32,108777,Salaried,1,0.5,0.54,542
783,User_783,46,193180,Self-Employed,1,0.59,0.02,376
784,User_784,34,154123,Self-Employed,2,0.35,0.76,615
785,User_785,41,31054,Salaried,1,0.07,0.14,499
786,User_786,54,29766,Salaried,4,0.45,0.04,305
787,User_787,43,186730,Self-Employed,3,0.63,0.93,580
788,User_788,56,197208,Salaried,2,0.59,0.9,613
789,User_789,45,158265,Salaried,3,0.5,0.22,392
790,User_790,22,86270,Salaried,2,0.32,0.6,565
791,User_791,39,177078,Self-Employed,4,0.02,0.81,637
792,User_792,40,199677,Salaried,2,0.46,0.27,447
793,User_793,55,59606,Self-Employed,3,0.73,0.84,520
794,User_794,58,108979,Self-Employed,0,0.56,0.47,539
795,User_795,26,76572,Salaried,3,0.97,0.38,339
796,User_796,56,96768,Self-Employed,0,0.77,0.25,430
797,User_797,55,115330,Self-Employed,2,0.32,0.22,453
798,User_798,40,195574,Salaried,2,0.99,0.16,308
799,User_799,52,47108,Self-Employed,4,0.07,0.99,667
800,User_800,33,141502,Salaried,0,0.26,0.53,620
801,User_801,29,120011,Self-Employed,4,0.67,0.69,466
802,User_802,43,143555,Salaried,4,0.11,0.57,542
803,User_803,49,103258,Salaried,1,0.35,0.63,597
804,User_804,34,93829,Salaried,4,0.27,0.82,581
805,User_805,35,44686,Salaried,3,0.58,0.47,441
806,User_806,56,132660,Salaried,0,0.06,0.11,535
807,User_807,26,32167,Salaried,3,0.11,0.56,558
808,User_808,40,198692,Salaried,2,0.59,0.33,441
809,User_809,49,172236,Self-Employed,2,1.0,0.64,448
810,User_810,22,30586,Self-Employed,4,0.64,0.69,462
811,User_811,29,146625,Salaried,0,0.39,0.71,651
812,User_812,36,109472,Salaried,2,0.91,0.85,523
813,User_813,21,193962,Salaried,1,0.6,0.99,666
814,User_814,53,32185,Self-Employed,2,0.98,0.54,411
815,User_815,52,49554,Self-Employed,2,0.58,0.26,405
816,User_816,37,41150,Self-Employed,4,0.89,0.53,364
817,User_817,39,174353,Self-Employed,2,0.46,0.99,663
818,User_818,57,22697,Self-Employed,1,0.77,0.38,431
819,User_819,28,173687,Self-Employed,2,0.84,0.67,489
820,User_820,34,64006,Self-Employed,3,0.52,0.29,400
821,User_821,30,87512,Self-Employed,0,0.95,0.8,559
822,User_822,31,113435,Salaried,3,0.04,0.21,475
823,User_823,59,105305,Self-Employed,4,0.75,0.32,336
824,User_824,30,145762,Salaried,2,0.85,0.0,300
825,User_825,24,169275,Self-Employed,1,0.13,0.42,586
826,User_826,24,116624,Self-Employed,2,0.6,0.44,464
827,User_827,26,155303,Salaried,1,0.97,0.29,378
828,User_828,47,89022,Self-Employed,3,0.72,0.37,387
829,User_829,56,112243,Salaried,3,0.25,0.65,565
830,User_830,49,52945,Salaried,2,0.65,0.85,570
831,User_831,49,26217,Self-Employed,1,0.56,0.53,520
832,User_832,59,165821,Self-Employed,4,0.6,0.0,300
833,User_833,46,82841,Self-Employed,3,0.57,0.22,371
834,User_834,34,138525,Salaried,3,0.44,0.17,387
835,User_835,34,45887,Self-Employed,0,0.94,0.75,543
836,User_836,28,66825,Salaried,3,0.33,0.16,397
837,User_837,58,147939,Self-Employed,1,0.48,0.92,665
838,User_838,43,101851,Self-Employed,4,0.25,0.26,418
839,User_839,56,42167,Self-Employed,4,0.02,0.93,660
840,User_840,39,121437,Salaried,3,0.17,0.2,447
841,User_841,58,100872,Self-Employed,3,0.13,0.49,541
842,User_842,50,92258,Salaried,1,0.03,0.22,539
843,User_843,49,134266,Salaried,2,0.94,0.34,369
844,User_844,31,103746,Salaried,4,0.86,0.52,375
845,User_845,30,85285,Salaried,0,0.63,0.76,610
846,User_846,28,82926,Salaried,4,0.34,0.78,554
847,User_847,29,189243,Salaried,2,0.08,0.58,618
848,User_848,59,116128,Salaried,1,0.27,0.17,479
849,User_849,34,108071,Salaried,2,0.42,0.51,521
850,User_850,22,175535,Self-Employed,4,0.59,0.48,423
851,User_851,29,199816,Salaried,2,0.55,0.78,585
852,User_852,23,114460,Self-Employed,0,0.39,0.92,709
853,User_853,50,48547,Salaried,2,0.05,0.85,690
854,User_854,32,125572,Salaried,0,0.86,0.84,593
855,User_855,25,76235,Salaried,0,0.11,0.75,712
856,User_856,38,37791,Self-Employed,2,0.76,0.33,391
857,User_857,48,66733,Self-Employed,0,0.13,0.39,597
858,User_858,51,124133,Self-Employed,2,0.2,0.29,499
859,User_859,59,47450,Self-Employed,3,0.1,0.24,465
860,User_860,53,115385,Self-Employed,0,0.64,0.17,435
861,User_861,37,123612,Self-Employed,2,0.65,0.58,497
862,User_862,47,103926,Self-Employed,4,0.08,0.17,425
863,User_863,52,134826,Salaried,1,0.82,0.46,456
864,User_864,48,123849,Self-Employed,3,0.04,0.32,510
865,User_865,50,87089,Salaried,0,0.14,0.65,677
866,User_866,27,195830,Self-Employed,3,0.23,0.52,539
867,User_867,47,110067,Salaried,1,0.51,0.17,430
868,User_868,52,101547,Self-Employed,3,0.33,0.29,440
869,User_869,30,80835,Salaried,2,0.09,0.3,519
870,User_870,46,152018,Self-Employed,3,0.92,0.68,446
871,User_871,57,61739,Self-Employed,2,0.36,0.37,486
872,User_872,29,37753,Salaried,3,0.53,0.44,440
873,User_873,34,103093,Self-Employed,3,0.83,0.21,318
874,User_874,40,37986,Self-Employed,4,1.0,0.99,480
875,User_875,36,28450,Self-Employed,3,0.14,0.86,643
876,User_876,27,191627,Self-Employed,4,0.9,0.77,450
877,User_877,35,179675,Self-Employed,0,0.64,0.72,607
878,User_878,23,197342,Self-Employed,3,0.73,0.69,491
879,User_879,55,24146,Self-Employed,2,0.93,0.43,386
880,User_880,43,156252,Salaried,3,0.38,0.21,413
881,User_881,53,27936,Self-Employed,1,0.26,0.14,462
882,User_882,39,198273,Self-Employed,4,0.31,0.02,342
883,User_883,43,33720,Salaried,2,0.97,0.0,300
884,User_884,28,40645,Salaried,2,0.99,0.66,442
885,User_885,59,80430,Self-Employed,0,0.05,0.47,639
886,User_886,42,147899,Salaried,3,0.04,0.74,639
887,User_887,48,190470,Salaried,1,0.46,0.93,678
888,User_888,44,40843,Self-Employed,1,0.25,0.49,572
889,User_889,53,71108,Salaried,4,0.71,0.08,300
890,User_890,42,89625,Salaried,3,0.69,0.21,343
891,User_891,25,45483,Self-Employed,1,0.46,0.93,662
892,User_892,21,178811,Salaried,2,0.81,0.63,483
893,User_893,46,43165,Salaried,4,0.43,0.98,591
894,User_894,38,137131,Salaried,2,0.11,0.28,516
895,User_895,57,183209,Self-Employed,0,0.38,0.53,599
896,User_896,26,123210,Salaried,0,0.5,0.71,625
897,User_897,25,53897,Salaried,4,0.03,0.83,627
898,User_898,37,89509,Salaried,2,0.04,0.71,653
899,User_899,35,73784,Self-Employed,3,0.5,0.82,561
900,User_900,49,103994,Self-Employed,0,0.74,0.34,464
901,User_901,52,171493,Self-Employed,1,0.3,0.06,444
902,User_902,43,113960,Salaried,3,0.3,0.82,608
903,User_903,21,119293,Salaried,0,0.38,0.23,505
904,User_904,24,147901,Salaried,1,0.54,0.81,619
905,User_905,59,111097,Self-Employed,4,0.31,0.04,342
906,User_906,46,97654,Self-Employed,2,0.27,0.1,425
907,User_907,44,184962,Salaried,1,0.15,0.09,487
908,User_908,39,120093,Self-Employed,2,0.69,0.95,596
909,User_909,26,83810,Salaried,2,0.78,0.92,567
910,User_910,49,155573,Salaried,0,0.32,0.92,727
911,User_911,55,93588,Salaried,2,0.67,0.59,492
912,User_912,32,195118,Self-Employed,0,0.72,0.17,425
913,User_913,56,72582,Self-Employed,4,0.1,0.23,436
914,User_914,55,179442,Salaried,3,0.17,0.56,561
915,User_915,54,193441,Self-Employed,3,0.04,0.21,485
916,User_916,53,196314,Self-Employed,0,0.9,0.24,411
917,User_917,41,40487,Self-Employed,4,0.94,0.39,313
918,User_918,26,49386,Self-Employed,0,0.45,0.14,456
919,User_919,58,142699,Self-Employed,0,0.31,0.43,582
920,User_920,55,26275,Salaried,1,0.73,0.3,416
921,User_921,26,190731,Self-Employed,0,0.47,0.73,644
922,User_922,50,120213,Salaried,2,0.25,0.54,565
923,User_923,32,42343,Self-Employed,3,0.76,0.79,499
924,User_924,40,146630,Salaried,0,0.08,0.16,546
925,User_925,46,97935,Self-Employed,4,0.0,0.65,584
926,User_926,52,26788,Salaried,2,0.17,0.44,541
927,User_927,59,186494,Self-Employed,0,0.25,0.89,735
928,User_928,33,116068,Salaried,4,0.91,0.9,480
929,User_929,44,162499,Salaried,0,0.53,0.59,588
930,User_930,37,165785,Self-Employed,1,0.38,0.8,649
931,User_931,38,131833,Salaried,3,0.84,0.97,547
932,User_932,39,98247,Salaried,2,0.51,0.08,371
933,User_933,47,148449,Salaried,4,0.53,0.63,478
934,User_934,56,36964,Self-Employed,0,0.05,0.15,537
935,User_935,59,168158,Salaried,2,0.71,0.76,542
936,User_936,57,185871,Self-Employed,1,0.43,0.07,423
937,User_937,42,55176,Self-Employed,4,0.29,0.05,341
938,User_938,34,139821,Self-Employed,1,0.79,0.29,413
939,User_939,44,41750,Salaried,1,0.33,0.14,447
940,User_940,40,151624,Salaried,3,0.61,0.32,399
941,User_941,53,42692,Self-Employed,3,0.88,0.91,510
942,User_942,53,32261,Salaried,3,0.48,0.13,357
943,User_943,33,164569,Self-Employed,0,0.8,0.17,408
944,User_944,27,65819,Salaried,4,0.31,0.99,620
945,User_945,30,44427,Self-Employed,0,0.99,0.03,314
946,User_946,40,49558,Self-Employed,1,0.88,0.36,408
947,User_947,58,25613,Self-Employed,3,0.56,0.56,469
948,User_948,53,48806,Salaried,3,0.44,0.54,490
949,User_949,48,40459,Salaried,1,0.78,0.82,563
950,User_950,41,42479,Salaried,1,0.3,0.65,611
951,User_951,39,93244,Salaried,2,0.54,0.29,425
952,User_952,43,81880,Salaried,3,0.65,0.15,331
953,User_953,24,103025,Self-Employed,4,0.95,0.55,365
954,User_954,32,44311,Self-Employed,0,0.43,0.53,576
955,User_955,58,117218,Salaried,0,0.58,0.23,465
956,User_956,46,194440,Self-Employed,3,0.5,0.22,394
957,User_957,29,40907,Salaried,3,0.66,0.05,300
958,User_958,53,102375,Salaried,0,0.33,0.79,678
959,User_959,37,168850,Self-Employed,4,0.6,0.26,353
960,User_960,21,76215,Self-Employed,2,0.92,0.14,305
961,User_961,42,139194,Salaried,3,0.57,0.32,406
962,User_962,31,198250,Salaried,0,0.34,0.76,681
963,User_963,47,107855,Salaried,0,0.06,0.42,625
964,User_964,25,158155,Self-Employed,3,0.67,0.5,440
965,User_965,58,137884,Self-Employed,0,0.01,0.37,623
966,User_966,24,124012,Self-Employed,4,0.94,0.96,491
967,User_967,53,79780,Salaried,2,0.8,0.54,451
968,User_968,33,111984,Self-Employed,0,0.61,0.44,520
969,User_969,37,170652,Self-Employed,1,0.43,0.93,678
970,User_970,39,186287,Salaried,3,0.52,0.58,497
971,User_971,41,128700,Self-Employed,4,0.48,0.74,518
972,User_972,31,167186,Salaried,1,0.29,0.9,699
973,User_973,44,83091,Self-Employed,0,0.85,0.16,386
974,User_974,23,21396,Self-Employed,2,0.18,0.52,561
975,User_975,34,126383,Self-Employed,2,0.94,0.89,529
976,User_976,40,22434,Self-Employed,3,0.95,0.52,377
977,User_977,27,121552,Self-Employed,4,0.54,0.67,484
978,User_978,37,129406,Salaried,0,0.08,0.79,734
979,User_979,58,83716,Self-Employed,2,0.72,0.55,467
980,User_980,24,66853,Self-Employed,1,0.36,0.2,465
981,User_981,21,127478,Salaried,4,0.89,0.81,457
982,User_982,42,34066,Salaried,1,0.41,0.7,600
983,User_983,34,145836,Self-Employed,4,0.07,0.51,533
984,User_984,36,158589,Self-Employed,4,0.13,0.66,567
985,User_985,59,66292,Salaried,2,0.17,0.03,421
986,User_986,23,182178,Salaried,0,0.22,0.01,476
987,User_987,42,76109,Self-Employed,4,0.87,0.83,461
988,User_988,50,30621,Salaried,0,0.74,0.52,511
989,User_989,41,133670,Salaried,1,0.53,0.94,659
990,User_990,31,57025,Salaried,1,0.66,0.8,584
991,User_991,34,126557,Salaried,2,0.27,0.5,548
992,User_992,24,46543,Salaried,1,0.42,0.98,685
993,User_993,58,52668,Salaried,4,0.58,0.47,411
994,User_994,29,147377,Salaried,2,0.06,0.42,568
995,User_995,38,92672,Self-Employed,4,0.24,0.06,360
996,User_996,35,171175,Self-Employed,2,0.93,0.26,348
997,User_997,48,30104,Salaried,2,0.25,0.93,673
998,User_998,29,199771,Self-Employed,1,0.87,0.42,441
999,User_999,29,154606,Self-Employed,0,0.21,0.85,728
1000,User_1000,38,41118,Salaried,1,0.84,0.73,525
